<package>
  <description brief="test">

     test

  </description>
  <author>me547</author>
  <license>BSD</license>
  <review status="unreviewed" notes=""/>
  <url>http://ros.org/wiki/test</url>
  <depend package="std_msgs"/>
  <depend package="rospy"/>
  <depend package="roscpp"/>
  <depend package="geometry_msgs"/>
  <depend package="sensor_msgs"/>
  <depend package="opencv2"/>
  <depend package="image_transport"/>
  <depend package="cv_bridge"/>
  <depend package="uvc_camera"/>
  <depend package="usb_cam"/>
  

</package>


